Run_ID,Training_Time,Gamma,Learning_Rate,Batch_Size,Memory_Size
1,10.723676681518555,0.95,0.001,16,5000
2,10.203208208084106,0.95,0.001,16,5000
3,10.166045904159546,0.95,0.001,16,5000
4,10.170266389846802,0.95,0.001,16,5000
5,10.233027935028076,0.95,0.001,16,5000
Average,10.299245023727417,0.95,0.001,16,5000
