Run_ID,Training_Time,Gamma,Learning_Rate,Batch_Size,Memory_Size,Alpha,Beta_Start
1,35.43169450759888,0.95,0.001,16,5000,0.6,0.4
2,38.36189389228821,0.95,0.001,16,5000,0.6,0.4
3,37.529794216156006,0.95,0.001,16,5000,0.6,0.4
4,34.2270610332489,0.95,0.001,16,5000,0.6,0.4
5,35.270761251449585,0.95,0.001,16,5000,0.6,0.4
Average,36.164240980148314,0.95,0.001,16,5000,0.6,0.4
