Run_ID,Training_Time,Gamma,Learning_Rate
1,13.93801999092102,0.95,0.001
2,13.506871700286865,0.95,0.001
3,13.48844313621521,0.95,0.001
4,13.559504747390747,0.95,0.001
5,13.45841360092163,0.95,0.001
Average,13.590250635147095,0.95,0.001
